<?xml version="1.0" encoding="UTF-8"?>
<Tokens version="1.0">
	<File path="Protocols/MarketingCloudSDKOpenDirectMessagesNotificationHandlerDelegate.html">
		
		<Token>
			<TokenIdentifier>//apple_ref/occ/intf/MarketingCloudSDKOpenDirectMessagesNotificationHandlerDelegate</TokenIdentifier>
			<Abstract type="html">Supporting protocol for OpenDirect with Alert, part of the Salesforce 2016-04 release.</Abstract>
			<DeclaredIn>MarketingCloudSDK+OpenDirectMessages.h</DeclaredIn>
            
			
			<NodeRef refid="6"/>
		</Token>
		
		
		<Token>
			<TokenIdentifier>//apple_ref/occ/intfm/MarketingCloudSDKOpenDirectMessagesNotificationHandlerDelegate/sfmc_didReceiveOpenDirectMessagesNotificationWithContents:</TokenIdentifier>
			<Abstract type="html">Method called when notification containing a OpenDirect message payload is received.</Abstract>
			<DeclaredIn>MarketingCloudSDK+OpenDirectMessages.h</DeclaredIn>
			
			<Declaration>- (void)sfmc_didReceiveOpenDirectMessagesNotificationWithContents:(NSDictionary *_Nullable)openDirectMessage</Declaration>
			<Parameters>
				<Parameter>
					<Name>openDirectMessage</Name>
					<Abstract type="html">value NSDictionary representing a OpenDirect message</Abstract>
				</Parameter>
			</Parameters>
			
			<Anchor>//api/name/sfmc_didReceiveOpenDirectMessagesNotificationWithContents:</Anchor>
            <NodeRef refid="6"/>
		</Token>
		
        
        
	</File>
</Tokens>