<?xml version="1.0" encoding="UTF-8"?>
<Tokens version="1.0">
	<File path="Classes/MarketingCloudSDK.html">
		
		<Token>
			<TokenIdentifier>//apple_ref/occ/cl/MarketingCloudSDK</TokenIdentifier>
			<Abstract type="html">The MarketingCloudSDK base class and categories</Abstract>
			<DeclaredIn>MarketingCloudSDK+Base.h</DeclaredIn>
            
			
			<NodeRef refid="1"/>
		</Token>
		
		
		<Token>
			<TokenIdentifier>//apple_ref/occ/clm/MarketingCloudSDK/sharedInstance</TokenIdentifier>
			<Abstract type="html">Returns (or initializes) the shared MarketingCloudSDK instance.</Abstract>
			<DeclaredIn>MarketingCloudSDK+Base.h</DeclaredIn>
			
			<Declaration>+ (instancetype)sharedInstance</Declaration>
			
			<ReturnValue><Abstract type="html">The singleton instance of the MarketingCloudSDK.</Abstract></ReturnValue>
			<Anchor>//api/name/sharedInstance</Anchor>
            <NodeRef refid="1"/>
		</Token>
		
		<Token>
			<TokenIdentifier>//apple_ref/occ/instm/MarketingCloudSDK/sfmc_configure:</TokenIdentifier>
			<Abstract type="html">This is the main configuration method, responsible for setting credentials needed to communicate with Salesforce. You must have a JSON file embedded in the application bundle with optional parameter settings as part of your project. Settings that are absent will default to NO. See documentation for example JSON.</Abstract>
			<DeclaredIn>MarketingCloudSDK+Base.h</DeclaredIn>
			
			<Declaration>- (BOOL)sfmc_configure:(NSError *_Nullable *)error</Declaration>
			<Parameters>
				<Parameter>
					<Name>error</Name>
					<Abstract type="html">NSError object describing the error.</Abstract>
				</Parameter>
			</Parameters>
			<ReturnValue><Abstract type="html">Returns YES if the configuration is successful or NO if failed. Do not proceed if NO is returned and error will contain an error object describing the error. The configuration is synchronously performed and will block the calling thread.</Abstract></ReturnValue>
			<Anchor>//api/name/sfmc_configure:</Anchor>
            <NodeRef refid="1"/>
		</Token>
		
		<Token>
			<TokenIdentifier>//apple_ref/occ/instm/MarketingCloudSDK/sfmc_configureWithURL:configurationIndex:error:</TokenIdentifier>
			<Abstract type="html">This is the main configuration method, responsible for setting credentials needed to communicate with Salesforce. You must have a JSON file embedded in the application bundle with optional parameter settings as part of your project. Settings that are absent will default to NO. See documentation for example JSON.</Abstract>
			<DeclaredIn>MarketingCloudSDK+Base.h</DeclaredIn>
			
			<Declaration>- (BOOL)sfmc_configureWithURL:(NSURL *)url configurationIndex:(NSNumber *)configurationIndex error:(NSError *_Nullable *)error</Declaration>
			<Parameters>
				<Parameter>
					<Name>url</Name>
					<Abstract type="html">URL to a JSON configuration file that is embedded in the application bundle.</Abstract>
				</Parameter><Parameter>
					<Name>configurationIndex</Name>
					<Abstract type="html">zero based index into into the JSON file array of configuration settings.</Abstract>
				</Parameter><Parameter>
					<Name>error</Name>
					<Abstract type="html">NSError object describing the error.</Abstract>
				</Parameter>
			</Parameters>
			<ReturnValue><Abstract type="html">Returns YES if the configuration is successful or NO if failed. Do not proceed if NO is returned and error will contain an error object describing the error. The configuration is synchronously performed and will block the calling thread.</Abstract></ReturnValue>
			<Anchor>//api/name/sfmc_configureWithURL:configurationIndex:error:</Anchor>
            <NodeRef refid="1"/>
		</Token>
		
		<Token>
			<TokenIdentifier>//apple_ref/occ/instm/MarketingCloudSDK/sfmc_configure:completionHandler:</TokenIdentifier>
			<Abstract type="html">This is the main configuration method, responsible for setting credentials needed to communicate with Salesforce. You must have a JSON file embedded in the application bundle with optional parameter settings as part of your project. Settings that are absent will default to NO. See documentation for example JSON.</Abstract>
			<DeclaredIn>MarketingCloudSDK+Base.h</DeclaredIn>
			
			<Declaration>- (BOOL)sfmc_configure:(NSError *_Nullable *)error completionHandler:(void ( ^ _Nullable ) ( BOOL configured , NSString *appId , NSError *_Nullable error ))completionHandler</Declaration>
			<Parameters>
				<Parameter>
					<Name>error</Name>
					<Abstract type="html">NSError object describing the error.</Abstract>
				</Parameter><Parameter>
					<Name>completionHandler</Name>
					<Abstract type="html">Called when the asynchronous portion of the configuration has completed. Do not proceed if NO is returned and error will contain an error object describing the error. If completionHandler is nil, the configuration is synchronously performed and will block the calling thread.</Abstract>
				</Parameter>
			</Parameters>
			<ReturnValue><Abstract type="html">Returns YES if the synchronous portion is successful or NO if failed. Do not proceed if NO is returned and error will contain an error object describing the error.</Abstract></ReturnValue>
			<Anchor>//api/name/sfmc_configure:completionHandler:</Anchor>
            <NodeRef refid="1"/>
		</Token>
		
		<Token>
			<TokenIdentifier>//apple_ref/occ/instm/MarketingCloudSDK/sfmc_configureWithURL:configurationIndex:error:completionHandler:</TokenIdentifier>
			<Abstract type="html">This is the main configuration method, responsible for setting credentials needed to communicate with Salesforce. You must pass a URL to a JSON file with optional parameter settings. Settings that are absent will default to NO. See documentation for example JSON.</Abstract>
			<DeclaredIn>MarketingCloudSDK+Base.h</DeclaredIn>
			
			<Declaration>- (BOOL)sfmc_configureWithURL:(NSURL *)url configurationIndex:(NSNumber *)configurationIndex error:(NSError *_Nullable *)error completionHandler:(void ( ^ _Nullable ) ( BOOL configured , NSString *appId , NSError *_Nullable error ))completionHandler</Declaration>
			<Parameters>
				<Parameter>
					<Name>url</Name>
					<Abstract type="html">URL to a JSON configuration file that is embedded in the application bundle.</Abstract>
				</Parameter><Parameter>
					<Name>configurationIndex</Name>
					<Abstract type="html">zero based index into into the JSON file array of configuration settings.</Abstract>
				</Parameter><Parameter>
					<Name>error</Name>
					<Abstract type="html">NSError object describing the error.</Abstract>
				</Parameter><Parameter>
					<Name>completionHandler</Name>
					<Abstract type="html">Called when the asynchronous portion has completed. Do not proceed if NO is returned and error will contain an error object describing the error. If completionHandler is nil, the configuration is synchronously performed and will block the calling thread.</Abstract>
				</Parameter>
			</Parameters>
			<ReturnValue><Abstract type="html">Returns YES if the synchronous portion is successful or NO if failed. Do not proceed if NO is returned and error will contain an error object describing the error.</Abstract></ReturnValue>
			<Anchor>//api/name/sfmc_configureWithURL:configurationIndex:error:completionHandler:</Anchor>
            <NodeRef refid="1"/>
		</Token>
		
		<Token>
			<TokenIdentifier>//apple_ref/occ/instm/MarketingCloudSDK/sfmc_tearDown</TokenIdentifier>
			<Abstract type="html">this method properly closes down the MarketingCloudSDK. It should be used in any cases where references to the MarketingCloudSDK need to be released.</Abstract>
			<DeclaredIn>MarketingCloudSDK+Base.h</DeclaredIn>
			
			<Declaration>- (void)sfmc_tearDown</Declaration>
			
			
			<Anchor>//api/name/sfmc_tearDown</Anchor>
            <NodeRef refid="1"/>
		</Token>
		
		<Token>
			<TokenIdentifier>//apple_ref/occ/instm/MarketingCloudSDK/sfmc_setContactKey:</TokenIdentifier>
			<Abstract type="html">Accepts and sets the Contact Key for the device&apos;s user. Formerly know in the SDK as &quot;subscriberKey&quot;.</Abstract>
			<DeclaredIn>MarketingCloudSDK+Base.h</DeclaredIn>
			
			<Declaration>- (BOOL)sfmc_setContactKey:(NSString *_Nonnull)contactKey</Declaration>
			<Parameters>
				<Parameter>
					<Name>contactKey</Name>
					<Abstract type="html">The contact key to attribute to the user.</Abstract>
				</Parameter>
			</Parameters>
			<ReturnValue><Abstract type="html">YES if set successfully.</Abstract></ReturnValue>
			<Anchor>//api/name/sfmc_setContactKey:</Anchor>
            <NodeRef refid="1"/>
		</Token>
		
		<Token>
			<TokenIdentifier>//apple_ref/occ/instm/MarketingCloudSDK/sfmc_contactKey</TokenIdentifier>
			<Abstract type="html">Returns the contact key for the active user, in case you need it.</Abstract>
			<DeclaredIn>MarketingCloudSDK+Base.h</DeclaredIn>
			
			<Declaration>- (NSString *_Nullable)sfmc_contactKey</Declaration>
			
			<ReturnValue><Abstract type="html">contactKey The code-set contact key.</Abstract></ReturnValue>
			<Anchor>//api/name/sfmc_contactKey</Anchor>
            <NodeRef refid="1"/>
		</Token>
		
		<Token>
			<TokenIdentifier>//apple_ref/occ/instm/MarketingCloudSDK/sfmc_addTag:</TokenIdentifier>
			<Abstract type="html">Adds the provided Tag (NSString) to the set of unique tags.</Abstract>
			<DeclaredIn>MarketingCloudSDK+Base.h</DeclaredIn>
			
			<Declaration>- (BOOL)sfmc_addTag:(NSString *_Nonnull)tag</Declaration>
			<Parameters>
				<Parameter>
					<Name>tag</Name>
					<Abstract type="html">A string to add to the list of tags.</Abstract>
				</Parameter>
			</Parameters>
			<ReturnValue><Abstract type="html">YES if added successfully.</Abstract></ReturnValue>
			<Anchor>//api/name/sfmc_addTag:</Anchor>
            <NodeRef refid="1"/>
		</Token>
		
		<Token>
			<TokenIdentifier>//apple_ref/occ/instm/MarketingCloudSDK/sfmc_removeTag:</TokenIdentifier>
			<Abstract type="html">Removes the provided Tag (NSString) from the list of tags.</Abstract>
			<DeclaredIn>MarketingCloudSDK+Base.h</DeclaredIn>
			
			<Declaration>- (BOOL)sfmc_removeTag:(NSString *_Nonnull)tag</Declaration>
			<Parameters>
				<Parameter>
					<Name>tag</Name>
					<Abstract type="html">A string to remove from the list of tags.</Abstract>
				</Parameter>
			</Parameters>
			<ReturnValue><Abstract type="html">tag Echoes the tag back on successful removal, or nil if something failed.</Abstract></ReturnValue>
			<Anchor>//api/name/sfmc_removeTag:</Anchor>
            <NodeRef refid="1"/>
		</Token>
		
		<Token>
			<TokenIdentifier>//apple_ref/occ/instm/MarketingCloudSDK/sfmc_addTags:</TokenIdentifier>
			<Abstract type="html">Adds the provided array of Tags (NSString) to the set of unique tags.</Abstract>
			<DeclaredIn>MarketingCloudSDK+Base.h</DeclaredIn>
			
			<Declaration>- (NSSet *_Nullable)sfmc_addTags:(NSArray *_Nonnull)tags</Declaration>
			<Parameters>
				<Parameter>
					<Name>tags</Name>
					<Abstract type="html">An array of tags to add to the list.</Abstract>
				</Parameter>
			</Parameters>
			<ReturnValue><Abstract type="html">Set of tags added, as strings, or nil if something failed.</Abstract></ReturnValue>
			<Anchor>//api/name/sfmc_addTags:</Anchor>
            <NodeRef refid="1"/>
		</Token>
		
		<Token>
			<TokenIdentifier>//apple_ref/occ/instm/MarketingCloudSDK/sfmc_removeTags:</TokenIdentifier>
			<Abstract type="html">Removes the provided array of Tags (NSString) from the list of tags.</Abstract>
			<DeclaredIn>MarketingCloudSDK+Base.h</DeclaredIn>
			
			<Declaration>- (NSSet *_Nullable)sfmc_removeTags:(NSArray *_Nonnull)tags</Declaration>
			<Parameters>
				<Parameter>
					<Name>tags</Name>
					<Abstract type="html">An array of tags to removed from the list.</Abstract>
				</Parameter>
			</Parameters>
			<ReturnValue><Abstract type="html">Set of tags removed upon success, as strings, or nil if something failed.</Abstract></ReturnValue>
			<Anchor>//api/name/sfmc_removeTags:</Anchor>
            <NodeRef refid="1"/>
		</Token>
		
		<Token>
			<TokenIdentifier>//apple_ref/occ/instm/MarketingCloudSDK/sfmc_tags</TokenIdentifier>
			<Abstract type="html">Returns the list of tags for this device.</Abstract>
			<DeclaredIn>MarketingCloudSDK+Base.h</DeclaredIn>
			
			<Declaration>- (NSSet *_Nullable)sfmc_tags</Declaration>
			
			<ReturnValue><Abstract type="html">All tags associated, as strings.</Abstract></ReturnValue>
			<Anchor>//api/name/sfmc_tags</Anchor>
            <NodeRef refid="1"/>
		</Token>
		
		<Token>
			<TokenIdentifier>//apple_ref/occ/instm/MarketingCloudSDK/sfmc_setAttributeNamed:value:</TokenIdentifier>
			<Abstract type="html">Set an attribute to the data set sent to Salesforce.</Abstract>
			<DeclaredIn>MarketingCloudSDK+Base.h</DeclaredIn>
			
			<Declaration>- (BOOL)sfmc_setAttributeNamed:(NSString *_Nonnull)name value:(NSString *_Nonnull)value</Declaration>
			<Parameters>
				<Parameter>
					<Name>name</Name>
					<Abstract type="html">The name of the attribute you wish to send. This will be the key of the pair.</Abstract>
				</Parameter><Parameter>
					<Name>value</Name>
					<Abstract type="html">The value to set for the data pair.</Abstract>
				</Parameter>
			</Parameters>
			<ReturnValue><Abstract type="html">YES if set successfully.</Abstract></ReturnValue>
			<Anchor>//api/name/sfmc_setAttributeNamed:value:</Anchor>
            <NodeRef refid="1"/>
		</Token>
		
		<Token>
			<TokenIdentifier>//apple_ref/occ/instm/MarketingCloudSDK/sfmc_clearAttributeNamed:</TokenIdentifier>
			<Abstract type="html">Removes the named attribute from the data set to send to Salesforce. The value is not changed on the SFMC.</Abstract>
			<DeclaredIn>MarketingCloudSDK+Base.h</DeclaredIn>
			
			<Declaration>- (BOOL)sfmc_clearAttributeNamed:(NSString *_Nonnull)name</Declaration>
			<Parameters>
				<Parameter>
					<Name>name</Name>
					<Abstract type="html">The name of the attribute you wish to remove.</Abstract>
				</Parameter>
			</Parameters>
			<ReturnValue><Abstract type="html">Returns the value that was set. It will no longer be sent back to Salesforce.</Abstract></ReturnValue>
			<Anchor>//api/name/sfmc_clearAttributeNamed:</Anchor>
            <NodeRef refid="1"/>
		</Token>
		
		<Token>
			<TokenIdentifier>//apple_ref/occ/instm/MarketingCloudSDK/sfmc_attributes</TokenIdentifier>
			<Abstract type="html">Returns a read-only copy of the Attributes dictionary as it is right now.</Abstract>
			<DeclaredIn>MarketingCloudSDK+Base.h</DeclaredIn>
			
			<Declaration>- (NSDictionary *_Nullable)sfmc_attributes</Declaration>
			
			<ReturnValue><Abstract type="html">All attributes currently set.</Abstract></ReturnValue>
			<Anchor>//api/name/sfmc_attributes</Anchor>
            <NodeRef refid="1"/>
		</Token>
		
		<Token>
			<TokenIdentifier>//apple_ref/occ/instm/MarketingCloudSDK/sfmc_setAttributes:</TokenIdentifier>
			<Abstract type="html">Set multiple attributes (key/value dictionaries) to Salesforce. See comments in -sfmc_setAttributeNamed.</Abstract>
			<DeclaredIn>MarketingCloudSDK+Base.h</DeclaredIn>
			
			<Declaration>- (NSDictionary *_Nullable)sfmc_setAttributes:(NSArray *_Nonnull)attributes</Declaration>
			<Parameters>
				<Parameter>
					<Name>attributes</Name>
					<Abstract type="html">An array of dictionaries of key (attribute name) and value (attribute value).</Abstract>
				</Parameter>
			</Parameters>
			<ReturnValue><Abstract type="html">A set of all attributes set.</Abstract></ReturnValue>
			<Anchor>//api/name/sfmc_setAttributes:</Anchor>
            <NodeRef refid="1"/>
		</Token>
		
		<Token>
			<TokenIdentifier>//apple_ref/occ/instm/MarketingCloudSDK/sfmc_clearAttributesNamed:</TokenIdentifier>
			<Abstract type="html">Remove multiple attributes from Salesforce. See comments in -sfmc_setAttributeNamed.</Abstract>
			<DeclaredIn>MarketingCloudSDK+Base.h</DeclaredIn>
			
			<Declaration>- (NSDictionary *_Nullable)sfmc_clearAttributesNamed:(NSArray *_Nonnull)attributeNames</Declaration>
			<Parameters>
				<Parameter>
					<Name>attributeNames</Name>
					<Abstract type="html">An array of attribute names.</Abstract>
				</Parameter>
			</Parameters>
			<ReturnValue><Abstract type="html">A set of all attributes removed.</Abstract></ReturnValue>
			<Anchor>//api/name/sfmc_clearAttributesNamed:</Anchor>
            <NodeRef refid="1"/>
		</Token>
		
		<Token>
			<TokenIdentifier>//apple_ref/occ/instm/MarketingCloudSDK/sfmc_setDeviceToken:</TokenIdentifier>
			<Abstract type="html">Responsible for sending the Apple device token back to Salesforce. It marks the end of the token registration flow. If it is unable to reach Salesforce server, it will save the token and try again later.</Abstract>
			<DeclaredIn>MarketingCloudSDK+Base.h</DeclaredIn>
			
			<Declaration>- (void)sfmc_setDeviceToken:(NSData *_Nonnull)deviceToken</Declaration>
			<Parameters>
				<Parameter>
					<Name>deviceToken</Name>
					<Abstract type="html">Token as received from Apple.</Abstract>
				</Parameter>
			</Parameters>
			
			<Anchor>//api/name/sfmc_setDeviceToken:</Anchor>
            <NodeRef refid="1"/>
		</Token>
		
		<Token>
			<TokenIdentifier>//apple_ref/occ/instm/MarketingCloudSDK/sfmc_deviceToken</TokenIdentifier>
			<Abstract type="html">Returns the device token as a NSString.</Abstract>
			<DeclaredIn>MarketingCloudSDK+Base.h</DeclaredIn>
			
			<Declaration>- (NSString *_Nullable)sfmc_deviceToken</Declaration>
			
			<ReturnValue><Abstract type="html">NSData A stringified version of the Apple deviceToken.</Abstract></ReturnValue>
			<Anchor>//api/name/sfmc_deviceToken</Anchor>
            <NodeRef refid="1"/>
		</Token>
		
		<Token>
			<TokenIdentifier>//apple_ref/occ/instm/MarketingCloudSDK/sfmc_appID</TokenIdentifier>
			<Abstract type="html">Returns the Salesforce application ID.</Abstract>
			<DeclaredIn>MarketingCloudSDK+Base.h</DeclaredIn>
			
			<Declaration>- (NSString *_Nullable)sfmc_appID</Declaration>
			
			<ReturnValue><Abstract type="html">NSString Salesforce application ID.</Abstract></ReturnValue>
			<Anchor>//api/name/sfmc_appID</Anchor>
            <NodeRef refid="1"/>
		</Token>
		
		<Token>
			<TokenIdentifier>//apple_ref/occ/instm/MarketingCloudSDK/sfmc_accessToken</TokenIdentifier>
			<Abstract type="html">Returns the Salesforce application accessToken.</Abstract>
			<DeclaredIn>MarketingCloudSDK+Base.h</DeclaredIn>
			
			<Declaration>- (NSString *_Nullable)sfmc_accessToken</Declaration>
			
			<ReturnValue><Abstract type="html">NSString Salesforce application accessToken.</Abstract></ReturnValue>
			<Anchor>//api/name/sfmc_accessToken</Anchor>
            <NodeRef refid="1"/>
		</Token>
		
		<Token>
			<TokenIdentifier>//apple_ref/occ/instm/MarketingCloudSDK/sfmc_deviceIdentifier</TokenIdentifier>
			<Abstract type="html">Returns the unique device identifier that Salesforce will use to identify the device.</Abstract>
			<DeclaredIn>MarketingCloudSDK+Base.h</DeclaredIn>
			
			<Declaration>- (NSString *_Nullable)sfmc_deviceIdentifier</Declaration>
			
			<ReturnValue><Abstract type="html">NSString The device identifier (a UUID) as a NSString.</Abstract></ReturnValue>
			<Anchor>//api/name/sfmc_deviceIdentifier</Anchor>
            <NodeRef refid="1"/>
		</Token>
		
		<Token>
			<TokenIdentifier>//apple_ref/occ/instm/MarketingCloudSDK/sfmc_setNotificationRequest:</TokenIdentifier>
			<Abstract type="html">Informs the SDK of the current notification.</Abstract>
			<DeclaredIn>MarketingCloudSDK+Base.h</DeclaredIn>
			
			<Declaration>- (void)sfmc_setNotificationRequest:(UNNotificationRequest *)request</Declaration>
			<Parameters>
				<Parameter>
					<Name>request</Name>
					<Abstract type="html">The UNNotificationRequest that generated a notification.</Abstract>
				</Parameter>
			</Parameters>
			
			<Anchor>//api/name/sfmc_setNotificationRequest:</Anchor>
            <NodeRef refid="1"/>
		</Token>
		
		<Token>
			<TokenIdentifier>//apple_ref/occ/instm/MarketingCloudSDK/sfmc_notificationRequest</TokenIdentifier>
			<Abstract type="html">Returns the last notification delivered to the SDK.</Abstract>
			<DeclaredIn>MarketingCloudSDK+Base.h</DeclaredIn>
			
			<Declaration>- (UNNotificationRequest *)sfmc_notificationRequest</Declaration>
			
			<ReturnValue><Abstract type="html">UNNotificationRequest * The last UNNotificationRequest that generated a notification.</Abstract></ReturnValue>
			<Anchor>//api/name/sfmc_notificationRequest</Anchor>
            <NodeRef refid="1"/>
		</Token>
		
		<Token>
			<TokenIdentifier>//apple_ref/occ/instm/MarketingCloudSDK/sfmc_setNotificationUserInfo:</TokenIdentifier>
			<Abstract type="html">Informs the SDK of the current notification.</Abstract>
			<DeclaredIn>MarketingCloudSDK+Base.h</DeclaredIn>
			
			<Declaration>- (void)sfmc_setNotificationUserInfo:(NSDictionary *)userInfo</Declaration>
			<Parameters>
				<Parameter>
					<Name>userInfo</Name>
					<Abstract type="html">The user info the last notification delivered to the SDK.</Abstract>
				</Parameter>
			</Parameters>
			
			<Anchor>//api/name/sfmc_setNotificationUserInfo:</Anchor>
            <NodeRef refid="1"/>
		</Token>
		
		<Token>
			<TokenIdentifier>//apple_ref/occ/instm/MarketingCloudSDK/sfmc_notificationUserInfo</TokenIdentifier>
			<Abstract type="html">Returns the user info of the last notification delivered to the SDK.</Abstract>
			<DeclaredIn>MarketingCloudSDK+Base.h</DeclaredIn>
			
			<Declaration>- (NSDictionary *)sfmc_notificationUserInfo</Declaration>
			
			<ReturnValue><Abstract type="html">NSDictionary * The user info the last notification delivered to the SDK.</Abstract></ReturnValue>
			<Anchor>//api/name/sfmc_notificationUserInfo</Anchor>
            <NodeRef refid="1"/>
		</Token>
		
		<Token>
			<TokenIdentifier>//apple_ref/occ/instm/MarketingCloudSDK/sfmc_setPushEnabled:</TokenIdentifier>
			<Abstract type="html">Allows setting the state of pushEnabled to YES/NO. If set to NO, the application will not receive any push notifications. When this value is NO, it takes precedence over the user notifications settings (i.e., setting this to NO will always disable push.) If the user has notifications settings disabled that will override this setting and push will be disabled.</Abstract>
			<DeclaredIn>MarketingCloudSDK+Base.h</DeclaredIn>
			
			<Declaration>- (void)sfmc_setPushEnabled:(BOOL)pushEnabled</Declaration>
			<Parameters>
				<Parameter>
					<Name>pushEnabled</Name>
					<Abstract type="html">Set to YES to enable push notifications.</Abstract>
				</Parameter>
			</Parameters>
			
			<Anchor>//api/name/sfmc_setPushEnabled:</Anchor>
            <NodeRef refid="1"/>
		</Token>
		
		<Token>
			<TokenIdentifier>//apple_ref/occ/instm/MarketingCloudSDK/sfmc_pushEnabled</TokenIdentifier>
			<Abstract type="html">The current state of the pushEnabled flag in the SDK.</Abstract>
			<DeclaredIn>MarketingCloudSDK+Base.h</DeclaredIn>
			
			<Declaration>- (BOOL)sfmc_pushEnabled</Declaration>
			
			<ReturnValue><Abstract type="html">returns a BOOL value of the current pushEnabled state.</Abstract></ReturnValue>
			<Anchor>//api/name/sfmc_pushEnabled</Anchor>
            <NodeRef refid="1"/>
		</Token>
		
		<Token>
			<TokenIdentifier>//apple_ref/occ/instm/MarketingCloudSDK/sfmc_getSDKState</TokenIdentifier>
			<Abstract type="html">Outputs a formatted, easily readable block of text describing the current status of the SDK.</Abstract>
			<DeclaredIn>MarketingCloudSDK+Base.h</DeclaredIn>
			
			<Declaration>- (nullable NSString *)sfmc_getSDKState</Declaration>
			
			<ReturnValue><Abstract type="html">JSON string with values of the current state of the SDK.</Abstract></ReturnValue>
			<Anchor>//api/name/sfmc_getSDKState</Anchor>
            <NodeRef refid="1"/>
		</Token>
		
		<Token>
			<TokenIdentifier>//apple_ref/occ/instm/MarketingCloudSDK/sfmc_setDebugLoggingEnabled:</TokenIdentifier>
			<Abstract type="html">Enable/Disable extra debug logging from the SDK.</Abstract>
			<DeclaredIn>MarketingCloudSDK+Base.h</DeclaredIn>
			
			<Declaration>- (void)sfmc_setDebugLoggingEnabled:(BOOL)enabled</Declaration>
			<Parameters>
				<Parameter>
					<Name>enabled</Name>
					<Abstract type="html">BOOL for enabling or disabling extra SDK logging.</Abstract>
				</Parameter>
			</Parameters>
			
			<Anchor>//api/name/sfmc_setDebugLoggingEnabled:</Anchor>
            <NodeRef refid="1"/>
		</Token>
		
		<Token>
			<TokenIdentifier>//apple_ref/occ/instm/MarketingCloudSDK/sfmc_getDebugLoggingEnabled</TokenIdentifier>
			<Abstract type="html">The current state of the debug logging flag in the SDK.</Abstract>
			<DeclaredIn>MarketingCloudSDK+Base.h</DeclaredIn>
			
			<Declaration>- (BOOL)sfmc_getDebugLoggingEnabled</Declaration>
			
			<ReturnValue><Abstract type="html">returns a BOOL value of the current debug logging state.</Abstract></ReturnValue>
			<Anchor>//api/name/sfmc_getDebugLoggingEnabled</Anchor>
            <NodeRef refid="1"/>
		</Token>
		
		<Token>
			<TokenIdentifier>//apple_ref/occ/instm/MarketingCloudSDK/sfmc_refreshWithFetchCompletionHandler:</TokenIdentifier>
			<Abstract type="html">Ask MarketingCloudSDK to update its data. MarketingCloudSDK will throttle attempts based on the time since the last time this was called.</Abstract>
			<DeclaredIn>MarketingCloudSDK+Base.h</DeclaredIn>
			
			<Declaration>- (BOOL)sfmc_refreshWithFetchCompletionHandler:(void ( ^ _Nullable ) ( UIBackgroundFetchResult result ))completionHandler</Declaration>
			<Parameters>
				<Parameter>
					<Name>completionHandler</Name>
					<Abstract type="html">The UIBackgroundFetchResult completion handler. This method will be called with UIBackgroundFetchResultNoData if no attempt was made to update data, otherwise it will be called with UIBackgroundFetchResultNewData after the update completes. If nil is passed, then process of the completion handler must be managed by the caller.</Abstract>
				</Parameter>
			</Parameters>
			<ReturnValue><Abstract type="html">YES if MarketingCloudSDK did make an attempt at updating data.</Abstract></ReturnValue>
			<Anchor>//api/name/sfmc_refreshWithFetchCompletionHandler:</Anchor>
            <NodeRef refid="1"/>
		</Token>
		
		<Token>
			<TokenIdentifier>//apple_ref/occ/instm/MarketingCloudSDK/sfmc_setOpenDirectMessagesNotificationHandlerDelegate:</TokenIdentifier>
			<Abstract type="html">Set a delegate class (adhering to the MarketingCloudSDKOpenDirectMessagesNotificationHandlerDelegate protocol) to implment a handler for an OpenDirect payload as part of a push notification</Abstract>
			<DeclaredIn>MarketingCloudSDK+OpenDirectMessages.h</DeclaredIn>
			
			<Declaration>- (void)sfmc_setOpenDirectMessagesNotificationHandlerDelegate:(id&lt;MarketingCloudSDKOpenDirectMessagesNotificationHandlerDelegate&gt; _Nullable)delegate</Declaration>
			<Parameters>
				<Parameter>
					<Name>delegate</Name>
					<Abstract type="html">the class implementing sfmc_didReceiveOpenDirectMessagesNotificationWithContents:</Abstract>
				</Parameter>
			</Parameters>
			
			<Anchor>//api/name/sfmc_setOpenDirectMessagesNotificationHandlerDelegate:</Anchor>
            <NodeRef refid="1"/>
		</Token>
		
		<Token>
			<TokenIdentifier>//apple_ref/occ/instm/MarketingCloudSDK/sfmc_getAllMessages</TokenIdentifier>
			<Abstract type="html">Get all active Inbox messages already downloaded from the MarketingCloud</Abstract>
			<DeclaredIn>MarketingCloudSDK+InboxMessages.h</DeclaredIn>
			
			<Declaration>- (NSArray *_Nullable)sfmc_getAllMessages</Declaration>
			
			<ReturnValue><Abstract type="html">array of NSDictionaries representing Inbox messages</Abstract></ReturnValue>
			<Anchor>//api/name/sfmc_getAllMessages</Anchor>
            <NodeRef refid="1"/>
		</Token>
		
		<Token>
			<TokenIdentifier>//apple_ref/occ/instm/MarketingCloudSDK/sfmc_getUnreadMessages</TokenIdentifier>
			<Abstract type="html">Get unread active Inbox messages (already downloaded from the MarketingCloud)</Abstract>
			<DeclaredIn>MarketingCloudSDK+InboxMessages.h</DeclaredIn>
			
			<Declaration>- (NSArray *_Nullable)sfmc_getUnreadMessages</Declaration>
			
			<ReturnValue><Abstract type="html">array of NSDictionaries representing Inbox messages</Abstract></ReturnValue>
			<Anchor>//api/name/sfmc_getUnreadMessages</Anchor>
            <NodeRef refid="1"/>
		</Token>
		
		<Token>
			<TokenIdentifier>//apple_ref/occ/instm/MarketingCloudSDK/sfmc_getReadMessages</TokenIdentifier>
			<Abstract type="html">Get active Inbox messages marked as read (already downloaded from the MarketingCloud)</Abstract>
			<DeclaredIn>MarketingCloudSDK+InboxMessages.h</DeclaredIn>
			
			<Declaration>- (NSArray *_Nullable)sfmc_getReadMessages</Declaration>
			
			<ReturnValue><Abstract type="html">array of NSDictionaries representing Inbox messages</Abstract></ReturnValue>
			<Anchor>//api/name/sfmc_getReadMessages</Anchor>
            <NodeRef refid="1"/>
		</Token>
		
		<Token>
			<TokenIdentifier>//apple_ref/occ/instm/MarketingCloudSDK/sfmc_getDeletedMessages</TokenIdentifier>
			<Abstract type="html">Get active Inbox messages marked as deleted (already downloaded from the MarketingCloud)</Abstract>
			<DeclaredIn>MarketingCloudSDK+InboxMessages.h</DeclaredIn>
			
			<Declaration>- (NSArray *_Nullable)sfmc_getDeletedMessages</Declaration>
			
			<ReturnValue><Abstract type="html">array of NSDictionaries representing Inbox messages</Abstract></ReturnValue>
			<Anchor>//api/name/sfmc_getDeletedMessages</Anchor>
            <NodeRef refid="1"/>
		</Token>
		
		<Token>
			<TokenIdentifier>//apple_ref/occ/instm/MarketingCloudSDK/sfmc_getAllMessagesCount</TokenIdentifier>
			<Abstract type="html">Get count of all active Inbox messages already downloaded from the MarketingCloud.</Abstract>
			<DeclaredIn>MarketingCloudSDK+InboxMessages.h</DeclaredIn>
			
			<Declaration>- (NSUInteger)sfmc_getAllMessagesCount</Declaration>
			
			<ReturnValue><Abstract type="html">number of messages</Abstract></ReturnValue>
			<Anchor>//api/name/sfmc_getAllMessagesCount</Anchor>
            <NodeRef refid="1"/>
		</Token>
		
		<Token>
			<TokenIdentifier>//apple_ref/occ/instm/MarketingCloudSDK/sfmc_getUnreadMessagesCount</TokenIdentifier>
			<Abstract type="html">Get count of unread active Inbox messages (already downloaded from the MarketingCloud)</Abstract>
			<DeclaredIn>MarketingCloudSDK+InboxMessages.h</DeclaredIn>
			
			<Declaration>- (NSUInteger)sfmc_getUnreadMessagesCount</Declaration>
			
			<ReturnValue><Abstract type="html">number of messages</Abstract></ReturnValue>
			<Anchor>//api/name/sfmc_getUnreadMessagesCount</Anchor>
            <NodeRef refid="1"/>
		</Token>
		
		<Token>
			<TokenIdentifier>//apple_ref/occ/instm/MarketingCloudSDK/sfmc_getReadMessagesCount</TokenIdentifier>
			<Abstract type="html">Get count of active Inbox messages marked as read (already downloaded from the MarketingCloud)</Abstract>
			<DeclaredIn>MarketingCloudSDK+InboxMessages.h</DeclaredIn>
			
			<Declaration>- (NSUInteger)sfmc_getReadMessagesCount</Declaration>
			
			<ReturnValue><Abstract type="html">number of messages</Abstract></ReturnValue>
			<Anchor>//api/name/sfmc_getReadMessagesCount</Anchor>
            <NodeRef refid="1"/>
		</Token>
		
		<Token>
			<TokenIdentifier>//apple_ref/occ/instm/MarketingCloudSDK/sfmc_getDeletedMessagesCount</TokenIdentifier>
			<Abstract type="html">Get count of active Inbox messages marked as deleted (already downloaded from the MarketingCloud)</Abstract>
			<DeclaredIn>MarketingCloudSDK+InboxMessages.h</DeclaredIn>
			
			<Declaration>- (NSUInteger)sfmc_getDeletedMessagesCount</Declaration>
			
			<ReturnValue><Abstract type="html">number of messages</Abstract></ReturnValue>
			<Anchor>//api/name/sfmc_getDeletedMessagesCount</Anchor>
            <NodeRef refid="1"/>
		</Token>
		
		<Token>
			<TokenIdentifier>//apple_ref/occ/instm/MarketingCloudSDK/sfmc_markMessageRead:</TokenIdentifier>
			<Abstract type="html">Mark a Inbox message as read.</Abstract>
			<DeclaredIn>MarketingCloudSDK+InboxMessages.h</DeclaredIn>
			
			<Declaration>- (BOOL)sfmc_markMessageRead:(NSDictionary *_Nonnull)messageDictionary</Declaration>
			<Parameters>
				<Parameter>
					<Name>messageDictionary</Name>
					<Abstract type="html">a dictionary representing an Inbox message</Abstract>
				</Parameter>
			</Parameters>
			<ReturnValue><Abstract type="html">a value indicatating success in setting the message to read</Abstract></ReturnValue>
			<Anchor>//api/name/sfmc_markMessageRead:</Anchor>
            <NodeRef refid="1"/>
		</Token>
		
		<Token>
			<TokenIdentifier>//apple_ref/occ/instm/MarketingCloudSDK/sfmc_markMessageDeleted:</TokenIdentifier>
			<Abstract type="html">Mark an Inbox message as deleted.</Abstract>
			<DeclaredIn>MarketingCloudSDK+InboxMessages.h</DeclaredIn>
			
			<Declaration>- (BOOL)sfmc_markMessageDeleted:(NSDictionary *_Nonnull)messageDictionary</Declaration>
			<Parameters>
				<Parameter>
					<Name>messageDictionary</Name>
					<Abstract type="html">a dictionary representing an Inbox message</Abstract>
				</Parameter>
			</Parameters>
			<ReturnValue><Abstract type="html">a value indicatating success in setting the message to deleted</Abstract></ReturnValue>
			<Anchor>//api/name/sfmc_markMessageDeleted:</Anchor>
            <NodeRef refid="1"/>
		</Token>
		
		<Token>
			<TokenIdentifier>//apple_ref/occ/instm/MarketingCloudSDK/sfmc_markAllMessagesRead</TokenIdentifier>
			<Abstract type="html">Mark all Inbox messages as read.</Abstract>
			<DeclaredIn>MarketingCloudSDK+InboxMessages.h</DeclaredIn>
			
			<Declaration>- (BOOL)sfmc_markAllMessagesRead</Declaration>
			
			<ReturnValue><Abstract type="html">a value indicatating success in setting the messages to read</Abstract></ReturnValue>
			<Anchor>//api/name/sfmc_markAllMessagesRead</Anchor>
            <NodeRef refid="1"/>
		</Token>
		
		<Token>
			<TokenIdentifier>//apple_ref/occ/instm/MarketingCloudSDK/sfmc_markAllMessagesDeleted</TokenIdentifier>
			<Abstract type="html">Mark all Inbox messages as deleted.</Abstract>
			<DeclaredIn>MarketingCloudSDK+InboxMessages.h</DeclaredIn>
			
			<Declaration>- (BOOL)sfmc_markAllMessagesDeleted</Declaration>
			
			<ReturnValue><Abstract type="html">a value indicatating success in setting the messages to deleted</Abstract></ReturnValue>
			<Anchor>//api/name/sfmc_markAllMessagesDeleted</Anchor>
            <NodeRef refid="1"/>
		</Token>
		
		<Token>
			<TokenIdentifier>//apple_ref/occ/instm/MarketingCloudSDK/sfmc_refreshMessages</TokenIdentifier>
			<Abstract type="html">Reload and refresh Inbox messages from the MarketingCloud server.</Abstract>
			<DeclaredIn>MarketingCloudSDK+InboxMessages.h</DeclaredIn>
			
			<Declaration>- (BOOL)sfmc_refreshMessages</Declaration>
			
			<ReturnValue><Abstract type="html">A BOOL value indicating that refreshing has been started.</Abstract></ReturnValue>
			<Anchor>//api/name/sfmc_refreshMessages</Anchor>
            <NodeRef refid="1"/>
		</Token>
		
		<Token>
			<TokenIdentifier>//apple_ref/occ/instm/MarketingCloudSDK/sfmc_inboxMessagesTableViewDataSourceForTableView:</TokenIdentifier>
			<Abstract type="html">Create an instance of a basic UITableView data source to handle all loading for a simple view controller showing Inbox messages.</Abstract>
			<DeclaredIn>MarketingCloudSDK+InboxMessages.h</DeclaredIn>
			
			<Declaration>- (MarketingCloudSDKInboxMessagesDataSource *_Nullable)sfmc_inboxMessagesTableViewDataSourceForTableView:(UITableView *_Nonnull)tableView</Declaration>
			<Parameters>
				<Parameter>
					<Name>tableView</Name>
					<Abstract type="html">The UITableView used in the view controller. The data source will &quot;own&quot; population of the data and display of simple cells.</Abstract>
				</Parameter>
			</Parameters>
			<ReturnValue><Abstract type="html">An instance of MarketingCloudSDKInboxMessagesDataSource, a class which implements a simple set of methods from the UITableViewDataSource protocol.</Abstract></ReturnValue>
			<Anchor>//api/name/sfmc_inboxMessagesTableViewDataSourceForTableView:</Anchor>
            <NodeRef refid="1"/>
		</Token>
		
		<Token>
			<TokenIdentifier>//apple_ref/occ/instm/MarketingCloudSDK/sfmc_inboxMessagesTableViewDelegateForTableView:dataSource:</TokenIdentifier>
			<Abstract type="html">Create an instance of a basic UITableView delegate to handle cell selection for a simple view controller showing Inbox messages.</Abstract>
			<DeclaredIn>MarketingCloudSDK+InboxMessages.h</DeclaredIn>
			
			<Declaration>- (MarketingCloudSDKInboxMessagesDelegate *_Nullable)sfmc_inboxMessagesTableViewDelegateForTableView:(UITableView *_Nonnull)tableView dataSource:(MarketingCloudSDKInboxMessagesDataSource *_Nonnull)dataSource</Declaration>
			<Parameters>
				<Parameter>
					<Name>tableView</Name>
					<Abstract type="html">The UITableView used in the view controller. The delegate will &quot;own&quot; selection of the cells.</Abstract>
				</Parameter><Parameter>
					<Name>dataSource</Name>
					<Abstract type="html">An instance of MarketingCloudSDKInboxMessagesDataSource, a class which implements a simple set of methods from the UITableViewDataSource protocol.</Abstract>
				</Parameter>
			</Parameters>
			<ReturnValue><Abstract type="html">An instance of MarketingCloudSDKInboxMessagesDelegate, a class which implements a simple set of methods from the UITableViewDelegate protocol.</Abstract></ReturnValue>
			<Anchor>//api/name/sfmc_inboxMessagesTableViewDelegateForTableView:dataSource:</Anchor>
            <NodeRef refid="1"/>
		</Token>
		
		<Token>
			<TokenIdentifier>//apple_ref/occ/instm/MarketingCloudSDK/sfmc_setInboxMessagesNotificationHandlerDelegate:</TokenIdentifier>
			<Abstract type="html">Set a delegate class (adhering to the MarketingCloudSDKInboxMessagesNotificationHandlerDelegate protocol) to implment a handler for an Inbox payload as part of a push notification</Abstract>
			<DeclaredIn>MarketingCloudSDK+InboxMessages.h</DeclaredIn>
			
			<Declaration>- (void)sfmc_setInboxMessagesNotificationHandlerDelegate:(id&lt;MarketingCloudSDKInboxMessagesNotificationHandlerDelegate&gt; _Nullable)delegate</Declaration>
			<Parameters>
				<Parameter>
					<Name>delegate</Name>
					<Abstract type="html">the class implementing sfmc_didReceiveInboxMessagesNotificationWithContents:</Abstract>
				</Parameter>
			</Parameters>
			
			<Anchor>//api/name/sfmc_setInboxMessagesNotificationHandlerDelegate:</Anchor>
            <NodeRef refid="1"/>
		</Token>
		
		<Token>
			<TokenIdentifier>//apple_ref/occ/instm/MarketingCloudSDK/sfmc_locationEnabled</TokenIdentifier>
			<Abstract type="html">Determines the state of Location Services based on developer setting and OS-level permission. This is the preferred method for checking for location state.</Abstract>
			<DeclaredIn>MarketingCloudSDK+Location.h</DeclaredIn>
			
			<Declaration>- (BOOL)sfmc_locationEnabled</Declaration>
			
			<ReturnValue><Abstract type="html">A boolean value reflecting if location services are enabled (i.e. authorized) or not.</Abstract></ReturnValue>
			<Anchor>//api/name/sfmc_locationEnabled</Anchor>
            <NodeRef refid="1"/>
		</Token>
		
		<Token>
			<TokenIdentifier>//apple_ref/occ/instm/MarketingCloudSDK/sfmc_startWatchingLocation</TokenIdentifier>
			<Abstract type="html">Use this method to initiate Location Services through the MobilePush SDK.</Abstract>
			<DeclaredIn>MarketingCloudSDK+Location.h</DeclaredIn>
			
			<Declaration>- (void)sfmc_startWatchingLocation</Declaration>
			
			
			<Anchor>//api/name/sfmc_startWatchingLocation</Anchor>
            <NodeRef refid="1"/>
		</Token>
		
		<Token>
			<TokenIdentifier>//apple_ref/occ/instm/MarketingCloudSDK/sfmc_stopWatchingLocation</TokenIdentifier>
			<Abstract type="html">Use this method to disable Location Services through the MobilePush SDK.</Abstract>
			<DeclaredIn>MarketingCloudSDK+Location.h</DeclaredIn>
			
			<Declaration>- (void)sfmc_stopWatchingLocation</Declaration>
			
			
			<Anchor>//api/name/sfmc_stopWatchingLocation</Anchor>
            <NodeRef refid="1"/>
		</Token>
		
		<Token>
			<TokenIdentifier>//apple_ref/occ/instm/MarketingCloudSDK/sfmc_watchingLocation</TokenIdentifier>
			<Abstract type="html">Use this method to determine if the SDK is actively monitoring location.</Abstract>
			<DeclaredIn>MarketingCloudSDK+Location.h</DeclaredIn>
			
			<Declaration>- (BOOL)sfmc_watchingLocation</Declaration>
			
			<ReturnValue><Abstract type="html">A boolean value reflecting if the SDK has called startWatchingLocation.</Abstract></ReturnValue>
			<Anchor>//api/name/sfmc_watchingLocation</Anchor>
            <NodeRef refid="1"/>
		</Token>
		
		<Token>
			<TokenIdentifier>//apple_ref/occ/instm/MarketingCloudSDK/sfmc_lastKnownLocation</TokenIdentifier>
			<Abstract type="html">A dictionary version of the last known Location. The dictionary will contain two keys, latitude and longitude, which are NSNumber wrappers around doubles. Use doubleValue to retrieve.</Abstract>
			<DeclaredIn>MarketingCloudSDK+Location.h</DeclaredIn>
			
			<Declaration>- (NSDictionary&lt;NSString*,NSString*&gt; *_Nullable)sfmc_lastKnownLocation</Declaration>
			
			
			<Anchor>//api/name/sfmc_lastKnownLocation</Anchor>
            <NodeRef refid="1"/>
		</Token>
		
		<Token>
			<TokenIdentifier>//apple_ref/occ/instm/MarketingCloudSDK/sfmc_setCloudPageMessagesNotificationHandlerDelegate:</TokenIdentifier>
			<Abstract type="html">Set a delegate class (adhering to the MarketingCloudSDKCloudPageMessagesNotificationHandlerDelegate protocol) to implment a handler for an CloudPage payload as part of a push notification</Abstract>
			<DeclaredIn>MarketingCloudSDK+CloudPageMessages.h</DeclaredIn>
			
			<Declaration>- (void)sfmc_setCloudPageMessagesNotificationHandlerDelegate:(id&lt;MarketingCloudSDKCloudPageMessagesNotificationHandlerDelegate&gt; _Nullable)delegate</Declaration>
			<Parameters>
				<Parameter>
					<Name>delegate</Name>
					<Abstract type="html">the class implementing sfmc_didReceiveCloudPageMessagesNotificationWithContents:</Abstract>
				</Parameter>
			</Parameters>
			
			<Anchor>//api/name/sfmc_setCloudPageMessagesNotificationHandlerDelegate:</Anchor>
            <NodeRef refid="1"/>
		</Token>
		
		<Token>
			<TokenIdentifier>//apple_ref/occ/instm/MarketingCloudSDK/sfmc_trackMessageOpened:</TokenIdentifier>
			<Abstract type="html">When an Inbox message is opened (for instance, you implement an inbox and present the CloudPage URL in your webview) this method should be called with the Inbox message so that the MarketingCloudSDK can track the proper analytics and state of the message.</Abstract>
			<DeclaredIn>MarketingCloudSDK+Intelligence.h</DeclaredIn>
			
			<Declaration>- (void)sfmc_trackMessageOpened:(NSDictionary *_Nonnull)inboxMessage</Declaration>
			<Parameters>
				<Parameter>
					<Name>inboxMessage</Name>
					<Abstract type="html">a non-nil NSDictionary object representing an Inbox message</Abstract>
				</Parameter>
			</Parameters>
			
			<Anchor>//api/name/sfmc_trackMessageOpened:</Anchor>
            <NodeRef refid="1"/>
		</Token>
		
		<Token>
			<TokenIdentifier>//apple_ref/occ/instm/MarketingCloudSDK/sfmc_trackPageViewWithURL:title:item:search:</TokenIdentifier>
			<Abstract type="html">Track page views within your application.</Abstract>
			<DeclaredIn>MarketingCloudSDK+Intelligence.h</DeclaredIn>
			
			<Declaration>- (void)sfmc_trackPageViewWithURL:(NSString *_Nonnull)url title:(NSString *_Nullable)title item:(NSString *_Nullable)item search:(NSString *_Nullable)search</Declaration>
			<Parameters>
				<Parameter>
					<Name>url</Name>
					<Abstract type="html">a non-nil NSString to identify the location within your app traversed by your customers.  For example: com.yourpackage.viewcontrollername</Abstract>
				</Parameter><Parameter>
					<Name>title</Name>
					<Abstract type="html">a NSString (nil if n/a) to identify the title of the location within your app traversed by your customers. For example: Screen Name</Abstract>
				</Parameter><Parameter>
					<Name>item</Name>
					<Abstract type="html">a NSString (nil if n/a) to identify an item viewed by your customer.  For example: UPC-1234</Abstract>
				</Parameter><Parameter>
					<Name>search</Name>
					<Abstract type="html">a NSString (nil if n/a) to identify search terms used by your customer.  For example: blue jeans.</Abstract>
				</Parameter>
			</Parameters>
			
			<Anchor>//api/name/sfmc_trackPageViewWithURL:title:item:search:</Anchor>
            <NodeRef refid="1"/>
		</Token>
		
		<Token>
			<TokenIdentifier>//apple_ref/occ/instm/MarketingCloudSDK/sfmc_trackCartContents:</TokenIdentifier>
			<Abstract type="html">Track cart contents within your application.</Abstract>
			<DeclaredIn>MarketingCloudSDK+Intelligence.h</DeclaredIn>
			
			<Declaration>- (void)sfmc_trackCartContents:(NSDictionary *_Nonnull)cartDictionary</Declaration>
			<Parameters>
				<Parameter>
					<Name>cartDictionary</Name>
					<Abstract type="html">a non-nil NSDictionanry object containing a cartID and an array of cart item dictionaries</Abstract>
				</Parameter>
			</Parameters>
			
			<Anchor>//api/name/sfmc_trackCartContents:</Anchor>
            <NodeRef refid="1"/>
		</Token>
		
		<Token>
			<TokenIdentifier>//apple_ref/occ/instm/MarketingCloudSDK/sfmc_trackCartConversion:</TokenIdentifier>
			<Abstract type="html">Track cart conversion within your application.</Abstract>
			<DeclaredIn>MarketingCloudSDK+Intelligence.h</DeclaredIn>
			
			<Declaration>- (void)sfmc_trackCartConversion:(NSDictionary *_Nonnull)orderDictionary</Declaration>
			<Parameters>
				<Parameter>
					<Name>orderDictionary</Name>
					<Abstract type="html">a non-nil NSDictionanry object representing an order; created from a cart and cart items and &quot;converted&quot; into a sale of some sort</Abstract>
				</Parameter>
			</Parameters>
			
			<Anchor>//api/name/sfmc_trackCartConversion:</Anchor>
            <NodeRef refid="1"/>
		</Token>
		
		<Token>
			<TokenIdentifier>//apple_ref/occ/instm/MarketingCloudSDK/sfmc_cartItemDictionaryWithPrice:quantity:item:uniqueId:</TokenIdentifier>
			<Abstract type="html">Initialize a Cart Item dictionary for use in analytics.</Abstract>
			<DeclaredIn>MarketingCloudSDK+Intelligence.h</DeclaredIn>
			
			<Declaration>- (NSDictionary *_Nullable)sfmc_cartItemDictionaryWithPrice:(NSNumber *_Nonnull)price quantity:(NSNumber *_Nonnull)quantity item:(NSString *_Nonnull)item uniqueId:(NSString *_Nullable)uniqueId</Declaration>
			<Parameters>
				<Parameter>
					<Name>price</Name>
					<Abstract type="html">The price amount (USD) of this item (non-nil value; 0 permissable)</Abstract>
				</Parameter><Parameter>
					<Name>quantity</Name>
					<Abstract type="html">The count of items in the cart for this particular product (non-nil value; 0 permissable)</Abstract>
				</Parameter><Parameter>
					<Name>item</Name>
					<Abstract type="html">The unique product code from the e-commerce system representing this cart item (non-nil string value)</Abstract>
				</Parameter><Parameter>
					<Name>uniqueId</Name>
					<Abstract type="html">The unique product id. from the e-commerce system representing this cart item (string value; nil permissable)</Abstract>
				</Parameter>
			</Parameters>
			<ReturnValue><Abstract type="html">instancetype a NSDictionary representing a cart item.</Abstract></ReturnValue>
			<Anchor>//api/name/sfmc_cartItemDictionaryWithPrice:quantity:item:uniqueId:</Anchor>
            <NodeRef refid="1"/>
		</Token>
		
		<Token>
			<TokenIdentifier>//apple_ref/occ/instm/MarketingCloudSDK/sfmc_cartDictionaryWithCartItemDictionaryArray:</TokenIdentifier>
			<Abstract type="html">Initialize a Cart dictionary for use in analytics.</Abstract>
			<DeclaredIn>MarketingCloudSDK+Intelligence.h</DeclaredIn>
			
			<Declaration>- (NSDictionary *_Nullable)sfmc_cartDictionaryWithCartItemDictionaryArray:(NSArray *_Nonnull)cartItemDictionaryArray</Declaration>
			<Parameters>
				<Parameter>
					<Name>cartItemDictionaryArray</Name>
					<Abstract type="html">An array of cart item dictionary objects (non-nil array). An empty array indicates an empty cart, and will be used to indicate a cleared cart to the analytics system.</Abstract>
				</Parameter>
			</Parameters>
			<ReturnValue><Abstract type="html">instancetype a MarketingCloudSDKCart.</Abstract></ReturnValue>
			<Anchor>//api/name/sfmc_cartDictionaryWithCartItemDictionaryArray:</Anchor>
            <NodeRef refid="1"/>
		</Token>
		
		<Token>
			<TokenIdentifier>//apple_ref/occ/instm/MarketingCloudSDK/sfmc_orderDictionaryWithOrderNumber:shipping:discount:cart:</TokenIdentifier>
			<Abstract type="html">Initialize an Order dictionary for use in analytics.</Abstract>
			<DeclaredIn>MarketingCloudSDK+Intelligence.h</DeclaredIn>
			
			<Declaration>- (NSDictionary *_Nullable)sfmc_orderDictionaryWithOrderNumber:(NSString *_Nonnull)orderNumber shipping:(NSNumber *_Nonnull)shipping discount:(NSNumber *_Nonnull)discount cart:(NSDictionary *_Nonnull)cartDictionary</Declaration>
			<Parameters>
				<Parameter>
					<Name>orderNumber</Name>
					<Abstract type="html">The order number of from the e-commerce system (non-nil string)</Abstract>
				</Parameter><Parameter>
					<Name>shipping</Name>
					<Abstract type="html">The shipping amount (USD) of this order (non-nil value; 0 permissable)</Abstract>
				</Parameter><Parameter>
					<Name>discount</Name>
					<Abstract type="html">The discount amount (USD) of this order (non-nil value; 0 permissable)</Abstract>
				</Parameter><Parameter>
					<Name>cartDictionary</Name>
					<Abstract type="html">The order&apos;s shopping cart object (non-nil object)</Abstract>
				</Parameter>
			</Parameters>
			<ReturnValue><Abstract type="html">instancetype a NSDictionary representing an order.</Abstract></ReturnValue>
			<Anchor>//api/name/sfmc_orderDictionaryWithOrderNumber:shipping:discount:cart:</Anchor>
            <NodeRef refid="1"/>
		</Token>
		
        
        
	</File>
</Tokens>