<?xml version="1.0" encoding="UTF-8"?>
<Tokens version="1.0">
	<File path="Classes/MarketingCloudSDKInboxMessagesDataSource.html">
		
		<Token>
			<TokenIdentifier>//apple_ref/occ/cl/MarketingCloudSDKInboxMessagesDataSource</TokenIdentifier>
			<Abstract type="html">The MarketingCloudSDKInboxMessagesDataSource is an interface object for Inbox support. It was designed to be used as the datasource for a UITableView, and can be allocated and used as such without too much other customization. Of course, you are welcomed to use it any way you want other than that.</Abstract>
			<DeclaredIn>MarketingCloudSDK+InboxMessages.h</DeclaredIn>
            
			
			<NodeRef refid="2"/>
		</Token>
		
		
		<Token>
			<TokenIdentifier>//apple_ref/occ/instm/MarketingCloudSDKInboxMessagesDataSource/initWithMarketingCloudSDK:tableView:</TokenIdentifier>
			<Abstract type="html">Create an instance of a basic UITableView data source to handle all loading for a simple view controller showing Inbox messages.</Abstract>
			<DeclaredIn>MarketingCloudSDK+InboxMessages.h</DeclaredIn>
			
			<Declaration>- (id _Nullable)initWithMarketingCloudSDK:(MarketingCloudSDK *_Nonnull)sdk tableView:(UITableView *_Nonnull)tableView</Declaration>
			<Parameters>
				<Parameter>
					<Name>sdk</Name>
					<Abstract type="html">An instance of MarketingCloudSDK.</Abstract>
				</Parameter><Parameter>
					<Name>tableView</Name>
					<Abstract type="html">The UITableView used in the view controller. The data source will &quot;own&quot; population of the data and display of simple cells.</Abstract>
				</Parameter>
			</Parameters>
			<ReturnValue><Abstract type="html">An instance of MarketingCloudSDKInboxMessagesDataSource, a class which implements a simple set of methods from the UITableViewDataSource protocol.</Abstract></ReturnValue>
			<Anchor>//api/name/initWithMarketingCloudSDK:tableView:</Anchor>
            <NodeRef refid="2"/>
		</Token>
		
        
        
	</File>
</Tokens>