<?xml version="1.0" encoding="UTF-8"?>
<Tokens version="1.0">
	<File path="Constants/configureError.html">
		
		<Token>
			<TokenIdentifier>//apple_ref/c/tdef/configureError</TokenIdentifier>
			<Abstract type="html">Configuration Error enumerations</Abstract>
			<DeclaredIn>MarketingCloudSDK+Constants.h</DeclaredIn>
            
			
			<NodeRef refid="6"/>
		</Token>
		
		
        
        <Token>
            <TokenIdentifier>//apple_ref/c/econst/firstConfigureErrorIndex</TokenIdentifier>
            <Abstract type="html">Initial enum value</Abstract>
            <Declaration>firstConfigureErrorIndex</Declaration>
            
            <DeclaredIn>MarketingCloudSDK+Constants.h</DeclaredIn>
            
            <NodeRef refid="6"/>
        </Token>
        
        <Token>
            <TokenIdentifier>//apple_ref/c/econst/configureNoError</TokenIdentifier>
            <Abstract type="html">configureNoError</Abstract>
            <Declaration>configureNoError</Declaration>
            
            <DeclaredIn>MarketingCloudSDK+Constants.h</DeclaredIn>
            
            <NodeRef refid="6"/>
        </Token>
        
        <Token>
            <TokenIdentifier>//apple_ref/c/econst/configureInvalidAppIDError</TokenIdentifier>
            <Abstract type="html">configureInvalidAppIDError</Abstract>
            <Declaration>configureInvalidAppIDError</Declaration>
            
            <DeclaredIn>MarketingCloudSDK+Constants.h</DeclaredIn>
            
            <NodeRef refid="6"/>
        </Token>
        
        <Token>
            <TokenIdentifier>//apple_ref/c/econst/configureInvalidAccessTokenError</TokenIdentifier>
            <Abstract type="html">configureInvalidAccessTokenError</Abstract>
            <Declaration>configureInvalidAccessTokenError</Declaration>
            
            <DeclaredIn>MarketingCloudSDK+Constants.h</DeclaredIn>
            
            <NodeRef refid="6"/>
        </Token>
        
        <Token>
            <TokenIdentifier>//apple_ref/c/econst/configureUnableToReadRandomError</TokenIdentifier>
            <Abstract type="html">configureUnableToReadRandomError</Abstract>
            <Declaration>configureUnableToReadRandomError</Declaration>
            
            <DeclaredIn>MarketingCloudSDK+Constants.h</DeclaredIn>
            
            <NodeRef refid="6"/>
        </Token>
        
        <Token>
            <TokenIdentifier>//apple_ref/c/econst/configureDatabaseAccessError</TokenIdentifier>
            <Abstract type="html">configureDatabaseAccessError</Abstract>
            <Declaration>configureDatabaseAccessError</Declaration>
            
            <DeclaredIn>MarketingCloudSDK+Constants.h</DeclaredIn>
            
            <NodeRef refid="6"/>
        </Token>
        
        <Token>
            <TokenIdentifier>//apple_ref/c/econst/configureUnableToKeyDatabaseError</TokenIdentifier>
            <Abstract type="html">configureUnableToKeyDatabaseError</Abstract>
            <Declaration>configureUnableToKeyDatabaseError</Declaration>
            
            <DeclaredIn>MarketingCloudSDK+Constants.h</DeclaredIn>
            
            <NodeRef refid="6"/>
        </Token>
        
        <Token>
            <TokenIdentifier>//apple_ref/c/econst/configureCCKeyDerivationPBKDFError</TokenIdentifier>
            <Abstract type="html">configureCCKeyDerivationPBKDFError</Abstract>
            <Declaration>configureCCKeyDerivationPBKDFError</Declaration>
            
            <DeclaredIn>MarketingCloudSDK+Constants.h</DeclaredIn>
            
            <NodeRef refid="6"/>
        </Token>
        
        <Token>
            <TokenIdentifier>//apple_ref/c/econst/configureCCSymmetricKeyWrapError</TokenIdentifier>
            <Abstract type="html">configureCCSymmetricKeyWrapError</Abstract>
            <Declaration>configureCCSymmetricKeyWrapError</Declaration>
            
            <DeclaredIn>MarketingCloudSDK+Constants.h</DeclaredIn>
            
            <NodeRef refid="6"/>
        </Token>
        
        <Token>
            <TokenIdentifier>//apple_ref/c/econst/configureCCSymmetricKeyUnwrapError</TokenIdentifier>
            <Abstract type="html">configureCCSymmetricKeyUnwrapError</Abstract>
            <Declaration>configureCCSymmetricKeyUnwrapError</Declaration>
            
            <DeclaredIn>MarketingCloudSDK+Constants.h</DeclaredIn>
            
            <NodeRef refid="6"/>
        </Token>
        
        <Token>
            <TokenIdentifier>//apple_ref/c/econst/configureKeyChainError</TokenIdentifier>
            <Abstract type="html">configureKeyChainError</Abstract>
            <Declaration>configureKeyChainError</Declaration>
            
            <DeclaredIn>MarketingCloudSDK+Constants.h</DeclaredIn>
            
            <NodeRef refid="6"/>
        </Token>
        
        <Token>
            <TokenIdentifier>//apple_ref/c/econst/configureUnableToReadCertificateError</TokenIdentifier>
            <Abstract type="html">configureUnableToReadCertificateError</Abstract>
            <Declaration>configureUnableToReadCertificateError</Declaration>
            
            <DeclaredIn>MarketingCloudSDK+Constants.h</DeclaredIn>
            
            <NodeRef refid="6"/>
        </Token>
        
        <Token>
            <TokenIdentifier>//apple_ref/c/econst/configureRunOnceSimultaneouslyError</TokenIdentifier>
            <Abstract type="html">configureRunOnceSimultaneouslyError</Abstract>
            <Declaration>configureRunOnceSimultaneouslyError</Declaration>
            
            <DeclaredIn>MarketingCloudSDK+Constants.h</DeclaredIn>
            
            <NodeRef refid="6"/>
        </Token>
        
        <Token>
            <TokenIdentifier>//apple_ref/c/econst/configureRunOnceError</TokenIdentifier>
            <Abstract type="html">configureRunOnceError</Abstract>
            <Declaration>configureRunOnceError</Declaration>
            
            <DeclaredIn>MarketingCloudSDK+Constants.h</DeclaredIn>
            
            <NodeRef refid="6"/>
        </Token>
        
        <Token>
            <TokenIdentifier>//apple_ref/c/econst/configureInvalidLocationAndProximityError</TokenIdentifier>
            <Abstract type="html">configureInvalidLocationAndProximityError</Abstract>
            <Declaration>configureInvalidLocationAndProximityError</Declaration>
            
            <DeclaredIn>MarketingCloudSDK+Constants.h</DeclaredIn>
            
            <NodeRef refid="6"/>
        </Token>
        
        <Token>
            <TokenIdentifier>//apple_ref/c/econst/configureSimulatorBlobError</TokenIdentifier>
            <Abstract type="html">configureSimulatorBlobError</Abstract>
            <Declaration>configureSimulatorBlobError</Declaration>
            
            <DeclaredIn>MarketingCloudSDK+Constants.h</DeclaredIn>
            
            <NodeRef refid="6"/>
        </Token>
        
        <Token>
            <TokenIdentifier>//apple_ref/c/econst/configureKeyChainInvalidError</TokenIdentifier>
            <Abstract type="html">configureKeyChainInvalidError</Abstract>
            <Declaration>configureKeyChainInvalidError</Declaration>
            
            <DeclaredIn>MarketingCloudSDK+Constants.h</DeclaredIn>
            
            <NodeRef refid="6"/>
        </Token>
        
        <Token>
            <TokenIdentifier>//apple_ref/c/econst/configureIncorrectConfigurationCallingSequenceError</TokenIdentifier>
            <Abstract type="html">configureIncorrectConfigurationCallingSequenceError</Abstract>
            <Declaration>configureIncorrectConfigurationCallingSequenceError</Declaration>
            
            <DeclaredIn>MarketingCloudSDK+Constants.h</DeclaredIn>
            
            <NodeRef refid="6"/>
        </Token>
        
        <Token>
            <TokenIdentifier>//apple_ref/c/econst/configureMissingConfigurationFileError</TokenIdentifier>
            <Abstract type="html">configureMissingConfigurationFileError</Abstract>
            <Declaration>configureMissingConfigurationFileError</Declaration>
            
            <DeclaredIn>MarketingCloudSDK+Constants.h</DeclaredIn>
            
            <NodeRef refid="6"/>
        </Token>
        
        <Token>
            <TokenIdentifier>//apple_ref/c/econst/configureInvalidConfigurationFileError</TokenIdentifier>
            <Abstract type="html">configureInvalidConfigurationFileError</Abstract>
            <Declaration>configureInvalidConfigurationFileError</Declaration>
            
            <DeclaredIn>MarketingCloudSDK+Constants.h</DeclaredIn>
            
            <NodeRef refid="6"/>
        </Token>
        
        <Token>
            <TokenIdentifier>//apple_ref/c/econst/configureInvalidConfigurationIndexError</TokenIdentifier>
            <Abstract type="html">configureInvalidConfigurationIndexError</Abstract>
            <Declaration>configureInvalidConfigurationIndexError</Declaration>
            
            <DeclaredIn>MarketingCloudSDK+Constants.h</DeclaredIn>
            
            <NodeRef refid="6"/>
        </Token>
        
        <Token>
            <TokenIdentifier>//apple_ref/c/econst/configureFailedFrameworkCreationError</TokenIdentifier>
            <Abstract type="html">configureFailedFrameworkCreationError</Abstract>
            <Declaration>configureFailedFrameworkCreationError</Declaration>
            
            <DeclaredIn>MarketingCloudSDK+Constants.h</DeclaredIn>
            
            <NodeRef refid="6"/>
        </Token>
        
        <Token>
            <TokenIdentifier>//apple_ref/c/econst/lastConfigureErrorIndex</TokenIdentifier>
            <Abstract type="html">lastconfigureIndex</Abstract>
            <Declaration>lastConfigureErrorIndex</Declaration>
            
            <DeclaredIn>MarketingCloudSDK+Constants.h</DeclaredIn>
            
            <NodeRef refid="6"/>
        </Token>
        
        
	</File>
</Tokens>