<?xml version="1.0" encoding="UTF-8"?>
<Tokens version="1.0">
	<File path="Classes/MarketingCloudSDKInboxMessagesDelegate.html">
		
		<Token>
			<TokenIdentifier>//apple_ref/occ/cl/MarketingCloudSDKInboxMessagesDelegate</TokenIdentifier>
			<Abstract type="html">The MarketingCloudSDKInboxMessagesDelegate is an interface object for Inbox support. It was designed to be used as a simple delegate for a UITableView, and can be allocated and used as such without too much other customization. It only supports tableView:didSelectRowAtIndexPath: to offer (along with the data source) a VERY simple inbox implementation.</Abstract>
			<DeclaredIn>MarketingCloudSDK+InboxMessages.h</DeclaredIn>
            
			
			<NodeRef refid="3"/>
		</Token>
		
		
		<Token>
			<TokenIdentifier>//apple_ref/occ/instm/MarketingCloudSDKInboxMessagesDelegate/initWithMarketingCloudSDK:tableView:dataSource:</TokenIdentifier>
			<Abstract type="html">Create an instance of a basic UITableView delegate to handle cell selection for a simple view controller showing Inbox messages.</Abstract>
			<DeclaredIn>MarketingCloudSDK+InboxMessages.h</DeclaredIn>
			
			<Declaration>- (id _Nullable)initWithMarketingCloudSDK:(MarketingCloudSDK *_Nonnull)sdk tableView:(UITableView *_Nonnull)tableView dataSource:(MarketingCloudSDKInboxMessagesDataSource *_Nonnull)dataSource</Declaration>
			<Parameters>
				<Parameter>
					<Name>sdk</Name>
					<Abstract type="html">An instance of MarketingCloudSDK.</Abstract>
				</Parameter><Parameter>
					<Name>tableView</Name>
					<Abstract type="html">The UITableView used in the view controller. The delegate will &quot;own&quot; selection of the cells.</Abstract>
				</Parameter><Parameter>
					<Name>dataSource</Name>
					<Abstract type="html">An instance of MarketingCloudSDKInboxMessagesDataSource, a class which implements a simple set of methods from the UITableViewDataSource protocol.</Abstract>
				</Parameter>
			</Parameters>
			<ReturnValue><Abstract type="html">An instance of MarketingCloudSDKInboxMessagesDelegate, a class which implements a simple set of methods from the UITableViewDelegate protocol.</Abstract></ReturnValue>
			<Anchor>//api/name/initWithMarketingCloudSDK:tableView:dataSource:</Anchor>
            <NodeRef refid="3"/>
		</Token>
		
        
        
	</File>
</Tokens>