<?xml version="1.0" encoding="UTF-8"?>
<Tokens version="1.0">
	<File path="Protocols/MarketingCloudSDKCloudPageMessagesNotificationHandlerDelegate.html">
		
		<Token>
			<TokenIdentifier>//apple_ref/occ/intf/MarketingCloudSDKCloudPageMessagesNotificationHandlerDelegate</TokenIdentifier>
			<Abstract type="html">Supporting protocol for Alert with CloudPage, part of the Salesforce 213 release.</Abstract>
			<DeclaredIn>MarketingCloudSDK+CloudPageMessages.h</DeclaredIn>
            
			
			<NodeRef refid="4"/>
		</Token>
		
		
		<Token>
			<TokenIdentifier>//apple_ref/occ/intfm/MarketingCloudSDKCloudPageMessagesNotificationHandlerDelegate/sfmc_didReceiveCloudPageMessagesNotificationWithContents:</TokenIdentifier>
			<Abstract type="html">Method called when notification containing a CloudPage message payload is received.</Abstract>
			<DeclaredIn>MarketingCloudSDK+CloudPageMessages.h</DeclaredIn>
			
			<Declaration>- (void)sfmc_didReceiveCloudPageMessagesNotificationWithContents:(NSDictionary *_Nullable)cloudPageMessage</Declaration>
			<Parameters>
				<Parameter>
					<Name>cloudPageMessage</Name>
					<Abstract type="html">value NSDictionary representing a CloudPage message</Abstract>
				</Parameter>
			</Parameters>
			
			<Anchor>//api/name/sfmc_didReceiveCloudPageMessagesNotificationWithContents:</Anchor>
            <NodeRef refid="4"/>
		</Token>
		
        
        
	</File>
</Tokens>